<?xml version="1.0" encoding="UTF-8"?>
<!-- Generated by JClic - https://projectestac.github.io/jclic -->
<manifest identifier="JClic-866037" version="1.0" xmlns="http://www.imsproject.org/xsd/imscp_rootv1p1p2" xmlns:adlcp="http://www.adlnet.org/xsd/adlcp_rootv1p2" xmlns:xsi="http://www.w3.org/2001/XMLSchema-instance" xsi:schemaLocation= "http://www.imsproject.org/xsd/imscp_rootv1p1p2 imscp_rootv1p1p2.xsd http://www.imsglobal.org/xsd/imsmd_rootv1p2p1 imsmd_rootv1p2p1.xsd http://www.adlnet.org/xsd/adlcp_rootv1p2 adlcp_rootv1p2.xsd">
 <metadata> 
  <schema>ADL SCORM</schema>
  <schemaversion>1.2</schemaversion>
 </metadata> 
 <organizations default="JClic">  
  <organization identifier="JClic">  
   <title>Quemil Yambay</title>
   <item identifier="ITEM_JClic-866037" identifierref="RES_JClic-866037">
    <title>Quemil Yambay</title>
   </item>
  </organization>
 </organizations>
 <resources>
  <resource identifier="RES_JClic-866037" type="webcontent" href="/index.html" adlcp:scormtype="sco"> 
   <file href="0drexsdxbpzeypeuuyuq2nddx44.pgn-resized1.jpg"/>
   <file href="0emiliano_4-resized.jpg"/>
   <file href="0guitarra_34-resized.jpg"/>
   <file href="0i02-guitarra_34-resized.jpg"/>
   <file href="0imagen_de_luis.jpg"/>
   <file href="1712319607973.jpg"/>
   <file href="1712319608013.jpg"/>
   <file href="1712319608052-resized.jpg"/>
   <file href="1712319608093-resized1.jpg"/>
   <file href="1712319608132-resized1.jpg"/>
   <file href="1712319608171.jpg"/>
   <file href="1guitarra_34-resized.jpg"/>
   <file href="1i02-guitarra_34-resized.jpg"/>
   <file href="20240813_175623_485-resized.jpg"/>
   <file href="203891827_819823092242306_2047734022725940247_n.jpg"/>
   <file href="2i02-guitarra_34-resized.jpg"/>
   <file href="3i02-guitarra_34-resized.jpg"/>
   <file href="4i02-guitarra_34-resized.jpg"/>
   <file href="5i02-guitarra_34-resized.jpg"/>
   <file href="84573-banderas-amrica-paraguay-corazn.gif"/>
   <file href="LOS GIGANTES DEL PARAGUAY.jclic"/>
   <file href="LOS GIGANTES DEL PARAGUAY.jclic.js"/>
   <file href="agregar_un_subtitulo_20241010_150505_0000.png"/>
   <file href="areko-cuatro-kuna.mp3"/>
   <file href="arton73934.jpg"/>
   <file href="che-sy-mi-pora_vkihpld2.mp3"/>
   <file href="che_la_reina_-_emiliano_r._fernandez__youtube_.mp3"/>
   <file href="che_symi_pora__1_-resized.jpg"/>
   <file href="descarga-resized.jpg"/>
   <file href="descarga.jpg"/>
   <file href="descarga.png"/>
   <file href="descargaaaaaaaaa.jpg"/>
   <file href="drexsdxbpzeypeuuyuq2nddx44.pgn-resized1.jpg"/>
   <file href="emiliano-r-fernandez-luis-g-benitez-historia-de-grandes-hombres.jpg"/>
   <file href="emiliano-resized.jpg"/>
   <file href="emiliano.jpg"/>
   <file href="emiliano_2.jpg"/>
   <file href="emiliano_3.jpg"/>
   <file href="emiliano_4-resized.jpg"/>
   <file href="emiliano_5-resized.jpg"/>
   <file href="emrfernandez_rt.jpg"/>
   <file href="favicon.ico"/>
   <file href="fb_img_1717368051516-resized.jpg"/>
   <file href="fb_img_1717368061394-resized1.jpg"/>
   <file href="fb_img_1717368087823-resized1.jpg"/>
   <file href="fb_img_1717368093457-resized1.jpg"/>
   <file href="fb_img_1717368186711-resized1.jpg"/>
   <file href="fb_img_1717368208364-resized1.jpg"/>
   <file href="gh9a0914in.jpg"/>
   <file href="gobierno-del-paraguay_png-transparente-resized.jpg"/>
   <file href="grito.jpg"/>
   <file href="guitarra_34-resized.jpg"/>
   <file href="i01-20240813_175623_485-resized.jpg"/>
   <file href="i01-descarga.jpg"/>
   <file href="i01-emiliano-resized.jpg"/>
   <file href="i01-emiliano_2.jpg"/>
   <file href="i01-emiliano_3.jpg"/>
   <file href="i01-guitarra_34-resized.jpg"/>
   <file href="i01-logo_mec.png"/>
   <file href="i01-paraguay-flag-gif.gif"/>
   <file href="i02-guitarra_34-resized.jpg"/>
   <file href="icon-192.png"/>
   <file href="icon-72.png"/>
   <file href="im4.jpg"/>
   <file href="imagen_de_luis.jpg"/>
   <file href="images.png"/>
   <file href="images123.jpg"/>
   <file href="images1234.jpg"/>
   <file href="images321.jpg"/>
   <file href="images5678.jpg"/>
   <file href="images789.jpg"/>
   <file href="images_4566.jpg"/>
   <file href="images__1_.jpg"/>
   <file href="images__3_.jpg"/>
   <file href="images__6_.jpg"/>
   <file href="images__8_.jpg"/>
   <file href="images_______.jpg"/>
   <file href="imsmanifest.xml"/>
   <file href="index.html"/>
   <file href="insignia_nuevo_juan_pablo_-resized.jpg"/>
   <file href="jose_asuncion.jpg"/>
   <file href="jose_asuncion_flores_-_india.mp3"/>
   <file href="klipartz.com-resized.jpg"/>
   <file href="klipartz.com__3_-resized.jpg"/>
   <file href="logo_del_paraguayy.png"/>
   <file href="logo_del_proyecto-resized.jpg"/>
   <file href="logo_mec.png"/>
   <file href="luis-alberto-del-parana-luis-g-benitez-historia-de-grandes-hombres.jpg"/>
   <file href="luis_alberto.jpg"/>
   <file href="marilina.jpg"/>
   <file href="marilina_-_cero_corazon.mp3"/>
   <file href="mi_guitarra_y_mi_voz_-_luis_alberto_del_parana.mp3"/>
   <file href="mokoi_guyra_i.mp3"/>
   <file href="paraguay-flag-gif.gif"/>
   <file href="png.com.png"/>
   <file href="project-cover.jpg"/>
   <file href="project-thumb.jpg"/>
   <file href="project.json"/>
   <file href="quemil.jpg"/>
   <file href="quemil_yambay.jpg"/>
   <file href="republica-del-paraguay.png.png"/>
   <file href="y2mate.com_-_voy_gritando.mp3"/>
   <file href="y2meta.app-che_rancho_yhaguy_ari-_128kbps_.ogg"/>
   <file href="y2meta.app-mariposa_para_mi-_128kbps_.ogg"/>
   <file href="y2meta.app-quemil_yambay___los_alfonsinos_-_ajupita_de_presidente__polka_-_128kbps_.ogg"/>
   <file href="y2meta.app_-_che_la_reina__320_kbps_.mp3"/>
  </resource>
 </resources>
</manifest>